{
  "version": 1,
  "author": "Geison de Oliveira Lemos Ferreira",
  "editor": "wokwi",
  "parts": [
    { "type": "wokwi-breadboard", "id": "bb1", "top": -41.4, "left": -515.6, "attrs": {} },
    {
      "type": "board-pi-pico-w",
      "id": "pico",
      "top": 212.35,
      "left": -97.35,
      "rotate": 450,
      "attrs": { "builder": "pico-sdk" }
    },
    { "type": "wokwi-neopixel", "id": "rgb1", "top": 140.5, "left": 287, "attrs": {} },
    { "type": "wokwi-neopixel", "id": "rgb2", "top": 140.5, "left": 258.2, "attrs": {} },
    { "type": "wokwi-neopixel", "id": "rgb3", "top": 140.5, "left": 229.4, "attrs": {} },
    { "type": "wokwi-neopixel", "id": "rgb4", "top": 140.5, "left": 200.6, "attrs": {} },
    { "type": "wokwi-neopixel", "id": "rgb5", "top": 140.5, "left": 171.8, "attrs": {} },
    { "type": "wokwi-neopixel", "id": "rgb6", "top": 111.7, "left": 287, "attrs": {} },
    { "type": "wokwi-neopixel", "id": "rgb7", "top": 111.7, "left": 258.2, "attrs": {} },
    { "type": "wokwi-neopixel", "id": "rgb8", "top": 111.7, "left": 229.4, "attrs": {} },
    { "type": "wokwi-neopixel", "id": "rgb9", "top": 111.7, "left": 171.8, "attrs": {} },
    { "type": "wokwi-neopixel", "id": "rgb10", "top": 111.7, "left": 200.6, "attrs": {} },
    { "type": "wokwi-neopixel", "id": "rgb11", "top": 82.9, "left": 287, "attrs": {} },
    { "type": "wokwi-neopixel", "id": "rgb12", "top": 82.9, "left": 258.2, "attrs": {} },
    { "type": "wokwi-neopixel", "id": "rgb13", "top": 82.9, "left": 229.4, "attrs": {} },
    { "type": "wokwi-neopixel", "id": "rgb14", "top": 82.9, "left": 200.6, "attrs": {} },
    { "type": "wokwi-neopixel", "id": "rgb15", "top": 82.9, "left": 171.8, "attrs": {} },
    { "type": "wokwi-neopixel", "id": "rgb16", "top": 54.1, "left": 171.8, "attrs": {} },
    { "type": "wokwi-neopixel", "id": "rgb17", "top": 54.1, "left": 200.6, "attrs": {} },
    { "type": "wokwi-neopixel", "id": "rgb18", "top": 54.1, "left": 229.4, "attrs": {} },
    { "type": "wokwi-neopixel", "id": "rgb19", "top": 54.1, "left": 258.2, "attrs": {} },
    { "type": "wokwi-neopixel", "id": "rgb20", "top": 54.1, "left": 287, "attrs": {} },
    { "type": "wokwi-neopixel", "id": "rgb21", "top": 25.3, "left": 287, "attrs": {} },
    { "type": "wokwi-neopixel", "id": "rgb22", "top": 25.3, "left": 258.2, "attrs": {} },
    { "type": "wokwi-neopixel", "id": "rgb23", "top": 25.3, "left": 229.4, "attrs": {} },
    { "type": "wokwi-neopixel", "id": "rgb24", "top": 25.3, "left": 200.6, "attrs": {} },
    { "type": "wokwi-neopixel", "id": "rgb25", "top": 25.3, "left": 171.8, "attrs": {} },
    {
      "type": "wokwi-pushbutton",
      "id": "btn1",
      "top": -19.8,
      "left": -169.8,
      "rotate": 90,
      "attrs": { "color": "blue" }
    },
    {
      "type": "wokwi-pushbutton",
      "id": "btn2",
      "top": -19.8,
      "left": -237,
      "rotate": 90,
      "attrs": { "color": "green" }
    },
    {
      "type": "wokwi-text",
      "id": "text1",
      "top": -67.2,
      "left": -240,
      "attrs": { "text": "Botão A\n" }
    },
    {
      "type": "wokwi-text",
      "id": "text2",
      "top": -67.2,
      "left": -163.2,
      "attrs": { "text": "Botão B\n" }
    },
    {
      "type": "wokwi-resistor",
      "id": "r2",
      "top": 70.6,
      "left": -240.85,
      "rotate": 270,
      "attrs": { "value": "10000" }
    },
    {
      "type": "wokwi-resistor",
      "id": "r3",
      "top": 70.6,
      "left": -173.65,
      "rotate": 270,
      "attrs": { "value": "10000" }
    },
    {
      "type": "wokwi-led",
      "id": "led1",
      "top": -51.6,
      "left": -5.4,
      "attrs": { "color": "blue", "flip": "1" }
    },
    {
      "type": "wokwi-led",
      "id": "led2",
      "top": -51.6,
      "left": -34.2,
      "attrs": { "color": "green", "flip": "1" }
    },
    {
      "type": "board-ssd1306",
      "id": "oled1",
      "top": 209.46,
      "left": -335.63,
      "rotate": 540,
      "attrs": { "i2cAddress": "0x3c" }
    },
    { "type": "wokwi-analog-joystick", "id": "joystick1", "top": -39, "left": 34.2, "attrs": {} },
    {
      "type": "wokwi-resistor",
      "id": "r1",
      "top": 32.2,
      "left": -48.85,
      "rotate": 270,
      "attrs": { "value": "330" }
    },
    {
      "type": "wokwi-resistor",
      "id": "r4",
      "top": 32.2,
      "left": -20.05,
      "rotate": 270,
      "attrs": { "value": "330" }
    },
    {
      "type": "wokwi-led",
      "id": "led3",
      "top": -51.6,
      "left": -63,
      "attrs": { "color": "red", "flip": "1" }
    },
    {
      "type": "wokwi-resistor",
      "id": "r5",
      "top": 32.2,
      "left": -77.65,
      "rotate": 270,
      "attrs": { "value": "330" }
    }
  ],
  "connections": [
    [ "pico:GP0", "$serialMonitor:RX", "", [] ],
    [ "pico:GP1", "$serialMonitor:TX", "", [] ],
    [ "pico:GP0", "$serialMonitor:RX", "", [] ],
    [ "pico:GP1", "$serialMonitor:TX", "", [] ],
    [ "rgb1:DOUT", "rgb2:DIN", "#dddddd", [ "h0" ] ],
    [ "rgb2:DOUT", "rgb3:DIN", "#dddddd", [ "h0" ] ],
    [ "rgb3:DOUT", "rgb4:DIN", "#dddddd", [ "h0" ] ],
    [ "rgb4:DOUT", "rgb5:DIN", "#dddddd", [ "h0" ] ],
    [ "rgb5:DOUT", "rgb9:DIN", "#dddddd", [ "v-20.1", "h20" ] ],
    [ "rgb9:DOUT", "rgb10:DIN", "#dddddd", [ "v8.7", "h48.8" ] ],
    [ "rgb10:DOUT", "rgb8:DIN", "#dddddd", [ "v8.7", "h48.8" ] ],
    [ "rgb8:DOUT", "rgb7:DIN", "#dddddd", [ "v8.7", "h48", "v0", "h0.8" ] ],
    [ "rgb7:DOUT", "rgb6:DIN", "#dddddd", [ "v8.7", "h48", "v-19.2" ] ],
    [ "rgb6:DOUT", "rgb11:DIN", "#dddddd", [ "h0", "v-20.1", "h19.2" ] ],
    [ "rgb11:DOUT", "rgb12:DIN", "#dddddd", [ "h0" ] ],
    [ "rgb12:DOUT", "rgb13:DIN", "#dddddd", [ "h0" ] ],
    [ "rgb13:DOUT", "rgb14:DIN", "#dddddd", [ "h0" ] ],
    [ "rgb14:DOUT", "rgb15:DIN", "#dddddd", [ "h0" ] ],
    [ "rgb15:DOUT", "rgb16:DIN", "#dddddd", [ "v-20.1", "h20" ] ],
    [ "rgb16:DOUT", "rgb17:DIN", "#dddddd", [ "v8.7", "h48.8" ] ],
    [ "rgb17:DOUT", "rgb18:DIN", "#dddddd", [ "v8.7", "h48.8" ] ],
    [ "rgb18:DOUT", "rgb19:DIN", "#dddddd", [ "v8.7", "h48.8" ] ],
    [ "rgb19:DOUT", "rgb20:DIN", "#dddddd", [ "v8.7", "h48.8" ] ],
    [ "rgb20:DOUT", "rgb21:DIN", "#dddddd", [ "h0", "v-20.1", "h19.2" ] ],
    [ "rgb21:DOUT", "rgb22:DIN", "#dddddd", [ "h0" ] ],
    [ "rgb22:DOUT", "rgb23:DIN", "#dddddd", [ "h0" ] ],
    [ "rgb23:DOUT", "rgb24:DIN", "#dddddd", [ "h0" ] ],
    [ "rgb24:DOUT", "rgb25:DIN", "#dddddd", [ "h0" ] ],
    [ "rgb1:VDD", "rgb2:VDD", "#dddddd", [ "h0", "v-9.6", "h-9.6" ] ],
    [ "rgb2:VDD", "rgb3:VDD", "#dddddd", [ "h0", "v-9.6", "h-19.2" ] ],
    [ "rgb3:VDD", "rgb4:VDD", "#dddddd", [ "h0", "v-9.6", "h-9.6" ] ],
    [ "rgb4:VDD", "rgb5:VDD", "#dddddd", [ "h0", "v-9.6", "h-19.2" ] ],
    [ "rgb5:VDD", "rgb9:VDD", "#dddddd", [ "h0" ] ],
    [ "rgb9:VDD", "rgb10:VDD", "#dddddd", [ "h0", "v-9.6", "h19.2" ] ],
    [ "rgb10:VDD", "rgb8:VDD", "#dddddd", [ "h0", "v-9.6", "h19.2" ] ],
    [ "rgb8:VDD", "rgb7:VDD", "#dddddd", [ "h0", "v-9.6", "h19.2" ] ],
    [ "rgb7:VDD", "rgb6:VDD", "#dddddd", [ "h0", "v-9.6", "h19.2" ] ],
    [ "rgb9:VDD", "rgb15:VDD", "#dddddd", [ "h0" ] ],
    [ "rgb15:VDD", "rgb16:VDD", "#dddddd", [ "h0" ] ],
    [ "rgb16:VDD", "rgb25:VDD", "#dddddd", [ "h0" ] ],
    [ "rgb15:VDD", "rgb14:VDD", "#dddddd", [ "h0", "v-9.6", "h19.2" ] ],
    [ "rgb14:VDD", "rgb13:VDD", "#dddddd", [ "h0", "v-9.6", "h9.6" ] ],
    [ "rgb13:VDD", "rgb12:VDD", "#dddddd", [ "h0", "v-9.6", "h19.2" ] ],
    [ "rgb12:VDD", "rgb11:VDD", "#dddddd", [ "h0", "v-9.6", "h19.2" ] ],
    [ "rgb16:VDD", "rgb17:VDD", "#dddddd", [ "h0", "v-9.6", "h28.8" ] ],
    [ "rgb17:VDD", "rgb18:VDD", "#dddddd", [ "h0", "v-9.6", "h28.8" ] ],
    [ "rgb18:VDD", "rgb19:VDD", "#dddddd", [ "h0", "v-9.6", "h28.8" ] ],
    [ "rgb19:VDD", "rgb20:VDD", "#dddddd", [ "h0", "v-9.6", "h28.8" ] ],
    [ "rgb25:VDD", "rgb24:VDD", "#dddddd", [ "h0", "v-9.6", "h28.8" ] ],
    [ "rgb24:VDD", "rgb23:VDD", "#dddddd", [ "h0", "v-9.6", "h28.8" ] ],
    [ "rgb23:VDD", "rgb22:VDD", "#dddddd", [ "h0", "v-9.6", "h28.8" ] ],
    [ "rgb22:VDD", "rgb21:VDD", "#dddddd", [ "h0", "v-9.6", "h28.8" ] ],
    [ "rgb25:VSS", "rgb24:VSS", "#dddddd", [ "v8.7", "h28" ] ],
    [ "rgb24:VSS", "rgb23:VSS", "#dddddd", [ "v8.7", "h28" ] ],
    [ "rgb23:VSS", "rgb22:VSS", "#dddddd", [ "v8.7", "h28" ] ],
    [ "rgb22:VSS", "rgb21:VSS", "#dddddd", [ "v8.7", "h18.4" ] ],
    [ "rgb21:VSS", "rgb20:VSS", "#dddddd", [ "v0" ] ],
    [ "rgb20:VSS", "rgb11:VSS", "#dddddd", [ "v0" ] ],
    [ "rgb11:VSS", "rgb6:VSS", "#dddddd", [ "v0" ] ],
    [ "rgb6:VSS", "rgb1:VSS", "#dddddd", [ "v0" ] ],
    [ "rgb20:VSS", "rgb19:VSS", "#dddddd", [ "v8.7", "h-20" ] ],
    [ "rgb19:VSS", "rgb18:VSS", "#dddddd", [ "v8.7", "h-10.4" ] ],
    [ "rgb18:VSS", "rgb17:VSS", "#dddddd", [ "v8.7", "h-10.4" ] ],
    [ "rgb17:VSS", "rgb16:VSS", "#dddddd", [ "v8.7", "h-0.8" ] ],
    [ "rgb11:VSS", "rgb12:VSS", "#dddddd", [ "v8.7", "h-20" ] ],
    [ "rgb12:VSS", "rgb13:VSS", "#dddddd", [ "v8.7", "h-10.4" ] ],
    [ "rgb13:VSS", "rgb14:VSS", "#dddddd", [ "v8.7", "h-10.4" ] ],
    [ "rgb14:VSS", "rgb15:VSS", "#dddddd", [ "v8.7", "h-10.4" ] ],
    [ "rgb6:VSS", "rgb7:VSS", "#dddddd", [ "v8.7", "h-10.4" ] ],
    [ "rgb7:VSS", "rgb8:VSS", "#dddddd", [ "v8.7", "h-10.4" ] ],
    [ "rgb8:VSS", "rgb10:VSS", "#dddddd", [ "v8.7", "h-10.4" ] ],
    [ "rgb10:VSS", "rgb9:VSS", "#dddddd", [ "v8.7", "h-10.4" ] ],
    [ "rgb1:VSS", "rgb2:VSS", "#dddddd", [ "v8.7", "h-20" ] ],
    [ "rgb2:VSS", "rgb3:VSS", "#dddddd", [ "v8.7", "h-10.4" ] ],
    [ "rgb3:VSS", "rgb4:VSS", "#dddddd", [ "v8.7", "h-10.4" ] ],
    [ "rgb4:VSS", "rgb5:VSS", "#dddddd", [ "v8.7", "h-10.4" ] ],
    [ "rgb1:DIN", "pico:GP7", "white", [ "h-0.8", "v-9.6", "h-441.6", "v124.8", "h76.8" ] ],
    [ "pico:GP5", "btn2:2.l", "limegreen", [ "v-48", "h-144", "v-259.2", "h-38.2" ] ],
    [ "r2:2", "btn2:2.r", "orange", [ "v-8.4", "h0.2" ] ],
    [ "pico:GP15", "oled1:SCL", "purple", [ "h-0.04", "v-96", "h-201.6", "v144", "h67.5" ] ],
    [ "oled1:SDA", "pico:GP14", "magenta", [ "h-7.09", "v23.92", "h160.8" ] ],
    [ "pico:GND.8", "bb1:bn.50", "black", [ "v19.51", "h124.8", "v-209.9" ] ],
    [ "bb1:bn.44", "led1:C", "black", [ "v0" ] ],
    [ "bb1:bn.41", "led2:C", "black", [ "v0" ] ],
    [ "pico:3V3", "bb1:bp.50", "red", [ "v57.91", "h153.6", "v-258.3" ] ],
    [ "btn2:1.r", "bb1:bn.26", "black", [ "v0" ] ],
    [ "btn1:2.r", "r3:2", "orange", [ "v0" ] ],
    [ "bb1:bp.30", "r3:1", "red", [ "v0" ] ],
    [ "bb1:bp.24", "r2:1", "red", [ "v0" ] ],
    [ "led2:A", "r1:2", "green", [ "v0" ] ],
    [ "r1:1", "pico:GP11", "green", [ "v28.8", "h-76.8", "v172.8", "h-9.6" ] ],
    [ "led1:A", "r4:2", "blue", [ "v0" ] ],
    [ "r4:1", "pico:GP12", "blue", [ "v19.2", "h-115.2", "v182.4", "h-9.56" ] ],
    [ "led3:A", "r5:2", "red", [ "v0" ] ],
    [ "r5:1", "pico:GP13", "red", [ "v9.6", "h-67.2", "v192", "h-9.56" ] ],
    [ "bb1:bn.31", "btn1:1.r", "black", [ "v0" ] ],
    [ "led3:C", "bb1:bn.39", "black", [ "v0" ] ],
    [ "rgb25:VDD", "bb1:bp.49", "red", [ "h-28.8", "v116.1" ] ],
    [ "rgb21:VSS", "bb1:bn.50", "black", [ "v-29.7", "h-154.4", "v145.3" ] ],
    [ "pico:GP6", "btn1:2.l", "cyan", [ "v-57.6", "h-115.2", "v-249.6" ] ],
    [ "bb1:bp.48", "joystick1:VCC", "red", [ "v0" ] ],
    [ "joystick1:VERT", "pico:GP26", "gold", [ "v307.2", "h-134.4" ] ],
    [ "joystick1:HORZ", "pico:GP27", "orange", [ "v316.8", "h-134.4" ] ],
    [ "joystick1:SEL", "pico:GP22", "gray", [ "v297.6", "h-172.8" ] ],
    [ "joystick1:GND", "bb1:bn.50", "black", [ "v0" ] ],
    [ "oled1:VCC", "bb1:bp.17", "red", [ "v28.8", "h-96.15", "v-171.9" ] ],
    [ "oled1:GND", "bb1:bn.16", "black", [ "v-2.37", "h48", "v-130.73" ] ],
    [ "btn1:1.l", "bb1:tp.31", "", [ "$bb" ] ],
    [ "btn1:2.l", "bb1:tp.30", "", [ "$bb" ] ],
    [ "btn1:1.r", "bb1:39t.d", "", [ "$bb" ] ],
    [ "btn1:2.r", "bb1:37t.d", "", [ "$bb" ] ],
    [ "btn2:2.l", "bb1:tp.24", "", [ "$bb" ] ],
    [ "btn2:1.r", "bb1:32t.d", "", [ "$bb" ] ],
    [ "btn2:2.r", "bb1:30t.d", "", [ "$bb" ] ],
    [ "r2:1", "bb1:30b.i", "", [ "$bb" ] ],
    [ "r2:2", "bb1:30t.e", "", [ "$bb" ] ],
    [ "r3:1", "bb1:37b.i", "", [ "$bb" ] ],
    [ "r3:2", "bb1:37t.e", "", [ "$bb" ] ],
    [ "joystick1:VCC", "bb1:59b.f", "", [ "$bb" ] ],
    [ "joystick1:VERT", "bb1:60b.f", "", [ "$bb" ] ],
    [ "joystick1:HORZ", "bb1:61b.f", "", [ "$bb" ] ],
    [ "joystick1:SEL", "bb1:62b.f", "", [ "$bb" ] ],
    [ "joystick1:GND", "bb1:63b.f", "", [ "$bb" ] ],
    [ "r1:2", "bb1:50t.a", "", [ "$bb" ] ],
    [ "r4:2", "bb1:53t.a", "", [ "$bb" ] ],
    [ "r5:2", "bb1:47t.a", "", [ "$bb" ] ]
  ],
  "dependencies": {}
}